Date,GLD,SPY,TLT
2011-07-06,0.28446,0.61101,0.10452
2011-08-04,0.4499,0.39416,0.15594
2011-09-02,0.28364,0.61206,0.10429
2011-10-03,0.28503,0.61026,0.10471
2011-11-01,0.0,0.84625,0.15375
2011-11-30,0.28388,0.61173,0.1044
2011-12-29,0.28428,0.61129,0.10443
2012-01-27,0.2837,0.61192,0.10438
2012-02-27,0.28428,0.61129,0.10443
2012-03-27,0.28498,0.61035,0.10467
2012-04-25,0.28431,0.61125,0.10444
2012-05-24,0.28436,0.61109,0.10455
2012-06-22,0.2836,0.61212,0.10427
2012-07-23,0.2843,0.61127,0.10444
2012-08-21,0.2843,0.61126,0.10444
2012-09-19,0.28435,0.61119,0.10446
2012-10-18,0.28494,0.6104,0.10467
2012-11-16,0.28518,0.61009,0.10474
2012-12-17,0.28351,0.61224,0.10425
2013-01-15,0.28466,0.61075,0.10459
2013-02-13,0.28394,0.61171,0.10435
2013-03-14,0.28409,0.61152,0.10439
2013-04-12,0.28413,0.61137,0.1045
2013-05-13,0.28516,0.61011,0.10473
2013-06-11,0.44981,0.39425,0.15594
2013-07-10,0.285,0.61031,0.10469
2013-08-08,0.45035,0.39363,0.15603
2013-09-06,0.45017,0.39385,0.15598
2013-10-07,0.45009,0.39392,0.15599
2013-11-05,0.45025,0.3937,0.15605
2013-12-04,0.44981,0.3942,0.15599
2014-01-02,0.28327,0.61253,0.1042
2014-01-31,0.4503,0.39367,0.15603
2014-03-03,0.45002,0.39396,0.15602
2014-04-01,0.45034,0.39362,0.15603
2014-04-30,0.45036,0.39358,0.15606
2014-05-29,0.28343,0.61234,0.10423
2014-06-27,0.45036,0.39361,0.15603
2014-07-28,0.28432,0.61123,0.10445
2014-08-26,0.28438,0.61115,0.10447
2014-09-24,0.28338,0.6124,0.10422
2014-10-23,0.45041,0.39353,0.15607
2014-11-21,0.45043,0.39351,0.15606
2014-12-22,0.28327,0.61253,0.1042
2015-01-20,0.45029,0.39364,0.15607
2015-02-18,0.45044,0.3935,0.15606
2015-03-19,0.28344,0.61233,0.10423
2015-04-17,0.2832,0.61261,0.10419
2015-05-18,0.28397,0.61164,0.10439
2015-06-16,0.28339,0.61238,0.10422
2015-07-15,0.28431,0.61124,0.10444
2015-08-13,0.28345,0.61232,0.10423
2015-09-11,0.28342,0.61235,0.10423
2015-10-12,0.4504,0.39354,0.15606
2015-11-10,0.4503,0.39363,0.15607
2015-12-09,0.28346,0.6123,0.10424
2016-01-07,0.28343,0.61234,0.10423
2016-02-05,0.28346,0.61231,0.10424
2016-03-07,0.28349,0.61226,0.10425
2016-04-05,0.28344,0.61233,0.10423
2016-05-04,0.45028,0.39365,0.15607
2016-06-02,0.28511,0.6101,0.10478
2016-07-01,0.28347,0.61228,0.10424
2016-08-01,0.28344,0.61233,0.10423
2016-08-30,0.45015,0.39376,0.15609
2016-09-28,0.45026,0.39367,0.15607
2016-10-27,0.44889,0.39492,0.15619
2016-11-25,0.45024,0.39368,0.15608
2016-12-26,0.28351,0.61223,0.10426
2017-01-24,0.28339,0.61238,0.10422
2017-02-22,0.45032,0.3936,0.15607
2017-03-23,0.45019,0.39373,0.15608
2017-04-21,0.44857,0.39521,0.15621
2017-05-22,0.45017,0.39375,0.15609
2017-06-20,0.28435,0.6112,0.10446
2017-07-19,0.44948,0.39438,0.15614
2017-08-17,0.44995,0.39395,0.1561
2017-09-15,0.28303,0.61281,0.10416
2017-10-16,0.44984,0.39405,0.15611
2017-11-14,0.28332,0.61247,0.10421
2017-12-13,0.44828,0.39548,0.15624
2018-01-11,0.45013,0.39379,0.15609
2018-02-09,0.44993,0.39397,0.1561
2018-03-12,0.4495,0.39436,0.15614
2018-04-10,0.28425,0.61132,0.10442
2018-05-09,0.45105,0.39299,0.15596
2018-06-07,0.28312,0.61272,0.10416
2018-07-06,0.45002,0.39388,0.1561
2018-08-06,0.28434,0.61121,0.10445
2018-09-04,0.45102,0.39307,0.15591
2018-10-03,0.28466,0.61079,0.10455
2018-11-01,0.2831,0.61274,0.10416
2018-11-30,0.45109,0.39296,0.15595
2018-12-31,0.44977,0.39411,0.15612
2019-01-29,0.28331,0.61249,0.10421
2019-02-27,0.28434,0.61121,0.10445
2019-03-28,0.44967,0.39421,0.15613
2019-04-26,0.44984,0.39405,0.15611
2019-05-27,0.45003,0.39388,0.1561
2019-06-25,0.28415,0.61146,0.10439
2019-07-24,0.44968,0.3942,0.15612
2019-08-22,0.45112,0.39291,0.15597
2019-09-20,0.44949,0.39437,0.15614
2019-10-21,0.28326,0.61254,0.10419
2019-11-19,0.44946,0.3944,0.15614
2019-12-18,0.28274,0.61318,0.10408
2020-01-16,0.28447,0.61104,0.10449
2020-02-14,0.44957,0.3943,0.15613
2020-03-16,0.44941,0.3946,0.15599
2020-04-14,0.44833,0.39544,0.15623
2020-05-13,0.0,0.84571,0.15429
2020-06-11,0.27828,0.61803,0.10369
2020-07-10,0.285,0.61006,0.10495
2020-08-10,0.0,0.84437,0.15563
2020-09-08,0.28378,0.61175,0.10447
2020-10-07,0.44849,0.39546,0.15605
2020-11-05,0.28395,0.61153,0.10451
2020-12-04,0.0,0.84625,0.15375
2021-01-04,0.28292,0.61293,0.10415
2021-02-02,0.45059,0.39372,0.15569
2021-03-03,0.45028,0.39383,0.15588
2021-04-01,0.4501,0.3939,0.156
2021-04-30,0.0,0.84658,0.15342
2021-05-31,0.45023,0.39375,0.15603
2021-06-29,0.44995,0.39399,0.15606
2021-07-28,0.45034,0.39363,0.15604
2021-08-26,0.28216,0.61387,0.10397
2021-09-24,0.45084,0.39327,0.1559
2021-10-25,0.45082,0.39339,0.15579
2021-11-23,0.45082,0.39339,0.15579
2021-12-22,0.45087,0.39323,0.1559
2022-01-20,0.45079,0.39331,0.1559
2022-02-18,0.45,0.39412,0.15588
2022-03-21,0.44993,0.39399,0.15607
2022-04-19,0.28209,0.61395,0.10396
2022-05-18,0.45003,0.39393,0.15604
2022-06-16,0.45099,0.39314,0.15586
2022-07-15,0.451,0.39313,0.15587
2022-08-15,0.28221,0.6138,0.10398
2022-09-13,0.45022,0.39375,0.15603
2022-10-12,0.45103,0.39306,0.15591
2022-11-10,0.45089,0.39321,0.15589
2022-12-09,0.28238,0.6136,0.10402
2023-01-09,0.28396,0.61167,0.10437
2023-02-07,0.45022,0.39377,0.15602
2023-03-08,0.45035,0.39369,0.15596
2023-04-06,0.45007,0.39389,0.15603
2023-05-05,0.2824,0.61357,0.10403
2023-06-05,0.28235,0.61363,0.10401
2023-07-04,0.28269,0.6132,0.10411
2023-08-02,0.44996,0.39416,0.15588
2023-08-31,0.28253,0.61339,0.10408
2023-09-29,0.45023,0.39375,0.15602
2023-10-30,0.28226,0.61374,0.104
2023-11-28,0.45009,0.3939,0.15601
2023-12-27,0.2838,0.61183,0.10438
2024-01-25,0.44907,0.39484,0.15609
2024-02-23,0.28308,0.61263,0.10429
2024-03-25,0.45022,0.3938,0.15598
2024-04-23,0.44845,0.39541,0.15614
2024-05-22,0.45005,0.39394,0.15601
2024-06-20,0.45036,0.39365,0.15599
2024-07-19,0.45007,0.39396,0.15597
2024-08-19,0.45059,0.39344,0.15596
2024-09-17,0.45098,0.3931,0.15592
2024-10-16,0.44916,0.39476,0.15608
2024-11-14,0.28374,0.61181,0.10445
2024-12-13,0.4492,0.39473,0.15607
2025-01-13,0.28326,0.61254,0.1042
2025-02-11,0.45016,0.39389,0.15595
2025-03-12,0.28486,0.61049,0.10465
2025-04-10,0.2839,0.61175,0.10435
2025-05-09,0.45023,0.39372,0.15605
2025-06-09,0.45039,0.39358,0.15604
2025-07-08,0.45015,0.3938,0.15605
2025-08-06,0.45034,0.39366,0.156
2025-09-04,0.45041,0.39353,0.15605
2025-10-03,0.284,0.61165,0.10436
2025-11-03,0.28429,0.61124,0.10446
2025-12-02,0.4504,0.39353,0.15606
2025-12-31,0.28395,0.6117,0.10435
2026-01-29,0.28395,0.61169,0.10436
2026-02-27,0.28364,0.61207,0.1043
2026-03-30,0.45032,0.39363,0.15605
2026-04-28,0.28399,0.61165,0.10436
2026-05-27,0.45001,0.39399,0.15599
2026-06-25,0.28394,0.61167,0.10439
2026-07-24,0.45115,0.39287,0.15598
2026-08-24,0.4504,0.39355,0.15605
